﻿<parameters>
  <parameter name="IIS Web Application Name" defaultValue="Default Web Site" tags="IisApp">
    <parameterEntry kind="ProviderPath" scope="IisApp" match="^C:\\SourceCode\\SampleCachedApp\\SampleCachedApp\\obj\\Release\\Package\\PackageTmp$" />
    <parameterEntry kind="ProviderPath" scope="setAcl" match="^C:\\SourceCode\\SampleCachedApp\\SampleCachedApp\\obj\\Release\\Package\\PackageTmp$" />
  </parameter>
  <parameter name="Add write permission to App_Data Folder" description="Add write permission to App_Data folder" defaultValue="{IIS Web Application Name}/App_Data" tags="Hidden">
    <parameterEntry kind="ProviderPath" scope="setAcl" match="^C:\\SourceCode\\SampleCachedApp\\SampleCachedApp\\obj\\Release\\Package\\PackageTmp\\App_Data$" />
  </parameter>
  <parameter name="SampleDataEntities-Web.config Connection String" description="SampleDataEntities Connection String used in web.config by the application to access the database." defaultValue="metadata=res://*/Models.SampleDataModel.csdl|res://*/Models.SampleDataModel.ssdl|res://*/Models.SampleDataModel.msl;provider=System.Data.SqlClient;provider connection string=&quot;data source=(LocalDB)\MSSQLLocalDB;attachdbfilename=|DataDirectory|\SampleData.mdf;integrated security=True;MultipleActiveResultSets=True;App=EntityFramework&quot;" tags="SqlConnectionString">
    <parameterEntry kind="XmlFile" scope="C:\\SourceCode\\SampleCachedApp\\SampleCachedApp\\obj\\Release\\Package\\PackageTmp\\Web\.config$" match="/configuration/connectionStrings/add[@name='SampleDataEntities']/@connectionString" />
  </parameter>
</parameters>